﻿from;to;weight
Platzeck;11;3
Pofalla;5;3
Praetorius;7;3
Tillich;9;3
Hasselfeldt;2;2
Hasselfeldt;10;2
Kampeter;2;2
Kapferer;1;2
Kapferer;6;2
Kempf;2;2
Nemat;5;2
Reiche;2;2
Röstel;6;2
Schweitzer;3;2
Schweitzer ;5;2
Grothus;3;2
Wodtke;4;2
Wodtke;9;2
Herntier;8;2
Kreuzberg;8;2
Kreuzberg;9;2
Priggen;4;2
Priggen;12;2
Vassiliadis;3;2
Vassiliadis;11;2
Scheidt;3;2
Scheidt;6;2
Scheidt;11;2
Körzell;3;2
Körzell;11;2
Kaiser;4;2
Weiger;4;2
Niebert;4;2
Allmendinger;7;2
Matthes;7;2
Schellnhuber;4;2
Schellnhuber;7;2
Niebuhr;7;2
Wehrspohn;7;2
Lämmel;9;1
Lenz;4;1
Lenz;10;1
Miersch;11;1
